P,Memory,Time
0.98,1372283.6,482.51099999999997
0.99,1372399.6,489.76399999999995
0.995,1372462.8,489.754
