P,Memory,Time
0.25,1385158.8,1486.1830000000002
0.5,1390006.4,1482.3970000000002
1,1388682.4,1493.7870000000003
2,1388412.0,1489.094
4,1385424.4,1480.4560000000001
